{"cameraMode":{"drawMode":0,"name":"Shaded","section":"Shading Mode"},"sceneLighting":true,"audioPlay":false,"sceneViewState":{"showFog":true,"showMaterialUpdate":false,"showSkybox":true,"showFlares":true,"showImageEffects":true,"showParticleSystems":true,"showVisualEffectGraphs":true,"m_FxEnabled":true},"in2DMode":false,"pivot":{"x":-3.607562303543091,"y":1.2332203388214112,"z":-12.546265602111817},"rotation":{"x":0.0029238692950457336,"y":-0.9935017228126526,"z":0.11073371767997742,"w":0.026232752948999406},"size":8.19657039642334,"orthographic":false}