{"cameraMode":{"drawMode":0,"name":"Shaded","section":"Shading Mode"},"sceneLighting":true,"audioPlay":false,"sceneViewState":{"showFog":true,"showMaterialUpdate":false,"showSkybox":true,"showFlares":true,"showImageEffects":true,"showParticleSystems":true,"showVisualEffectGraphs":true,"m_FxEnabled":true},"in2DMode":false,"pivot":{"x":1.7659733295440674,"y":0.31589508056640627,"z":-6.487735271453857},"rotation":{"x":-0.024349844083189966,"y":-0.971486508846283,"z":0.20645160973072053,"w":-0.11440245062112808},"size":5.1999969482421879,"orthographic":false}