{"cameraMode":{"drawMode":0,"name":"Shaded","section":"Shading Mode"},"sceneLighting":true,"audioPlay":false,"sceneViewState":{"showFog":true,"showMaterialUpdate":false,"showSkybox":true,"showFlares":true,"showImageEffects":true,"showParticleSystems":true,"showVisualEffectGraphs":true,"m_FxEnabled":true},"in2DMode":false,"pivot":{"x":-3.0618233680725099,"y":-3.2548136711120607,"z":-5.017190933227539},"rotation":{"x":-0.001295825932174921,"y":0.9775466322898865,"z":-0.21081149578094483,"w":-0.006229913793504238},"size":8.765080451965332,"orthographic":false}