{"cameraMode":{"drawMode":0,"name":"Shaded","section":"Shading Mode"},"sceneLighting":true,"audioPlay":false,"sceneViewState":{"showFog":true,"showMaterialUpdate":false,"showSkybox":true,"showFlares":true,"showImageEffects":true,"showParticleSystems":true,"showVisualEffectGraphs":true,"m_FxEnabled":true},"in2DMode":false,"pivot":{"x":13.308464050292969,"y":-8.078848838806153,"z":-12.724812507629395},"rotation":{"x":-0.06763298064470291,"y":-0.9324136972427368,"z":0.25443747639656069,"w":-0.24776405096054078},"size":13.039284706115723,"orthographic":false}